﻿<parameters>
  <parameter name="IIS Web Application Name" defaultValue="Default Web Site/MealPlannerAPI" tags="IisApp">
    <parameterEntry kind="ProviderPath" scope="IisApp" match="^C:\\Users\\Kenny\\Documents\\repos\\HCIRecipeSuggestionsProject\\MealPlanner\\MealPlannerAPI\\obj\\Release\\Package\\PackageTmp$" />
    <parameterEntry kind="ProviderPath" scope="setAcl" match="^C:\\Users\\Kenny\\Documents\\repos\\HCIRecipeSuggestionsProject\\MealPlanner\\MealPlannerAPI\\obj\\Release\\Package\\PackageTmp$" />
  </parameter>
  <parameter name="DefaultConnection-Web.config Connection String" description="DefaultConnection Connection String used in web.config by the application to access the database." defaultValue="Server=aa186yl63358lgn.cffzcbilaraa.us-west-2.rds.amazonaws.com,1433;Database=MealPlanner;User Id=admin;Password=HciRocks;" tags="SqlConnectionString">
    <parameterEntry kind="XmlFile" scope="C:\\Users\\Kenny\\Documents\\repos\\HCIRecipeSuggestionsProject\\MealPlanner\\MealPlannerAPI\\obj\\Release\\Package\\PackageTmp\\Web\.config$" match="/configuration/connectionStrings/add[@name='DefaultConnection']/@connectionString" />
  </parameter>
  <parameter name="MealPlannerConnectionString-Web.config Connection String" description="MealPlannerConnectionString Connection String used in web.config by the application to access the database." defaultValue="Data Source=aa186yl63358lgn.cffzcbilaraa.us-west-2.rds.amazonaws.com,1433;Initial Catalog=MealPlanner;Persist Security Info=True;User ID=admin;Password=HciRocks" tags="SqlConnectionString">
    <parameterEntry kind="XmlFile" scope="C:\\Users\\Kenny\\Documents\\repos\\HCIRecipeSuggestionsProject\\MealPlanner\\MealPlannerAPI\\obj\\Release\\Package\\PackageTmp\\Web\.config$" match="/configuration/connectionStrings/add[@name='MealPlannerConnectionString']/@connectionString" />
  </parameter>
</parameters>